epix1cttyg9c0e72wcyg4fulxn5pajafvqerfvzg6ta,250.12345
epix1z27c8yxy8z4dccl5ar6e8gexkdhjs6pnedhag5,21031.052341866
epix1fw4t8peek96a6x6a32v30y22l59ph5wc4hmqmw,0.00001231